{
  "anthropic/claude-opus-4.5": {
    "times": [
      16.054347038269043,
      12.942004919052124,
      13.121363878250122,
      15.820240259170532,
      11.653800964355469
    ],
    "costs": [
      0.024485,
      0.01933,
      0.02142,
      0.02058,
      0.01913
    ],
    "selection": [
      0.9,
      0.9,
      0.9,
      0.9,
      0.9
    ],
    "quality": [
      0.8,
      0.8,
      0.8,
      0.8,
      0.8
    ]
  },
  "anthropic/claude-sonnet-4": {
    "times": [
      14.138091087341309,
      14.125652074813843,
      15.199476957321167,
      13.7268648147583,
      12.838618040084839
    ],
    "costs": [
      0.012726,
      0.011103,
      0.012132,
      0.010938,
      0.010068
    ],
    "selection": [
      0.8,
      0.8,
      0.9,
      0.9,
      0.8
    ],
    "quality": [
      0.8,
      0.9,
      0.9,
      0.8,
      0.9
    ]
  },
  "openai/gpt-5.2": {
    "times": [
      15.237343788146973,
      17.477872848510742,
      12.650240898132324,
      15.190356969833374,
      12.584957122802734
    ],
    "costs": [
      0.01132775,
      0.01066275,
      0.00977375,
      0.0102515,
      0.0092155
    ],
    "selection": [
      0.9,
      0.9,
      0.9,
      0.9,
      0.9
    ],
    "quality": [
      0.9,
      0.9,
      0.8,
      0.9,
      0.9
    ]
  },
  "google/gemini-3-flash-preview": {
    "times": [
      5.5675129890441895,
      6.458302021026611,
      7.229433059692383,
      6.970329999923706,
      6.289732217788696
    ],
    "costs": [
      0.002468,
      0.0023285,
      0.00236,
      0.002149,
      0.002108
    ],
    "selection": [
      0.9,
      0.9,
      0.8,
      0.8,
      0.9
    ],
    "quality": [
      0.9,
      0.9,
      0.8,
      0.8,
      0.8
    ]
  }
}